<?xml version="1.0" encoding="UTF-8"?>
<config xmlns:xsi="http://www.w3.org/2001/XMLSchema-instance"
        xsi:noNamespaceSchemaLocation="urn:magento:framework:ObjectManager/etc/config.xsd">
    <preference for="Rekart\Feedback\Api\Data\FeedbackInterface" type="\Rekart\Feedback\Model\Feedback"/>
    <preference for="Rekart\Feedback\Api\FeedbackRepositoryInterface" type="\Rekart\Feedback\Model\FeedbackRepository"/>
    <type name="Magento\Framework\GraphQl\Query\Resolver\Argument\FieldEntityAttributesPool">
        <arguments>
            <argument name="attributesInstances" xsi:type="array">
                <item name="rekart_feedback" xsi:type="object">
                    \Rekart\Feedback\Model\Resolver\FilterArgument
                </item>
            </argument>
        </arguments>
    </type>
</config>